{
    "time": [
        0.0,
        0.9820563553342847,
        1.1068495718418851,
        1.5712945190557213,
        2.088725740404968,
        2.2159679892704984,
        2.922007478488283,
        2.9678552183484532,
        3.27780263167495,
        3.44779278068255,
        3.546552424270729,
        3.595678763617083,
        3.7026793051539486,
        3.763072305698836,
        3.9031653781611455,
        3.94343834769526,
        3.9778058839850754,
        4.148591795591015,
        4.151003687693059,
        4.242442967341362,
        4.268612397502963,
        4.400076202689306,
        4.592649486049321,
        4.677135552936642,
        4.743745756272977,
        4.7755266126270675,
        4.777033320821993,
        4.7803179832811535,
        4.809708371768821,
        4.961260712589733,
        5.0
    ],
    "states": [
        [
            0.0,
            5.0
        ],
        [
            1.0,
            5.0
        ],
        [
            2.0,
            5.0
        ],
        [
            3.0,
            5.0
        ],
        [
            2.0,
            5.0
        ],
        [
            3.0,
            5.0
        ],
        [
            2.0,
            5.0
        ],
        [
            3.0,
            5.0
        ],
        [
            4.0,
            5.0
        ],
        [
            5.0,
            5.0
        ],
        [
            6.0,
            5.0
        ],
        [
            7.0,
            5.0
        ],
        [
            8.0,
            5.0
        ],
        [
            7.0,
            5.0
        ],
        [
            8.0,
            5.0
        ],
        [
            9.0,
            5.0
        ],
        [
            10.0,
            5.0
        ],
        [
            9.0,
            5.0
        ],
        [
            8.0,
            5.0
        ],
        [
            9.0,
            5.0
        ],
        [
            10.0,
            5.0
        ],
        [
            11.0,
            5.0
        ],
        [
            10.0,
            5.0
        ],
        [
            11.0,
            5.0
        ],
        [
            12.0,
            5.0
        ],
        [
            13.0,
            5.0
        ],
        [
            12.0,
            5.0
        ],
        [
            11.0,
            5.0
        ],
        [
            10.0,
            5.0
        ],
        [
            11.0,
            5.0
        ],
        [
            11.0,
            5.0
        ]
    ]
}